Region,Year,Predicted_AAR_2025
Bangalore,2025,50.099457
Chennai,2025,52.900993
Delhi,2025,53.798756
Hyderabad district,2025,51.99996
Mumbai,2025,55.59858
