Region,Year,Predicted_AAR_2025
Bangalore,2025,50.38568344116459
Chennai,2025,52.98805541992426
Delhi,2025,54.07339935302987
Hyderabad district,2025,51.94559135437215
Mumbai,2025,55.839207839968054
